{"cameraMode":{"drawMode":0,"name":"Shaded","section":"Shading Mode"},"sceneLighting":true,"audioPlay":false,"sceneViewState":{"m_AlwaysRefresh":false,"showFog":true,"showSkybox":true,"showFlares":true,"showImageEffects":true,"showParticleSystems":true,"showVisualEffectGraphs":true,"m_FxEnabled":true},"in2DMode":false,"pivot":{"x":0.5946474075317383,"y":0.4434587359428406,"z":0.10917586833238602},"rotation":{"x":0.16597504913806916,"y":-0.611750066280365,"z":0.13328760862350465,"w":0.7619357705116272},"size":2.0697243213653566,"orthographic":false}